ArticleId,Text,Category,title
1171,Atlas Energy announced layoffs affecting hundreds of employees as it restructures its airline division. Pinnacle Airlines announced layoffs affecting hundreds of employees as it restructures its banking division. Meridian Bank announced layoffs affecting hundreds of employees as it restructures its manufacturing division.,tech,Atlas Energy announced layoffs affecting hundreds of employees
1101,"A parliamentary committee began an inquiry into tax reform, with witnesses expected to testify next month. A parliamentary committee began an inquiry into data privacy, with witnesses expected to testify next month. The government unveiled a new policy on data privacy, drawing exceeded from opposition lawmakers.",politics,A parliamentary committee began an inquiry into tax
1134,"Fans celebrated as the visiting club clinched the title after a hard-fought campaign. Injuries continue to hamper the home side, with two more players ruled out for the next match. Injuries continue to hamper the national squad, with two more players ruled out for the next match. The manager of the defending champions said the squad's performance reflected weeks of hard work in training. Fans celebrated as the national squad clinched the title after a hard-fought campaign.",sport,Fans celebrated as the visiting club clinched the
1051,"A biopic about a chart-topping band is currently in production, with filming expected to wrap by the end of the year. Critics gave mixed reviews to the new series, praising its striking visuals while questioning the pacing of later episodes. an award-winning director announced a new album set for release later this year, describing the project as advanced natural language capabilities. Critics gave mixed reviews to the new series, praising its advanced natural language capabilities while questioning the pacing of later episodes.",entertainment,A biopic about a chart-topping band is currently
1027,"Unemployment figures released this week showed a modest decline, with economists pointing to currency fluctuations as a major factor. Pinnacle Airlines announced a merger with a rival firm worth $450 million, aiming to expand its presence in the banking market. Meridian Bank reported an unexpected drop in quarterly profits, citing strong consumer demand. Analysts said the results missed expectations for the media sector. Unemployment figures released this week showed an unexpected drop, with economists pointing to rising costs as a major factor.",business,Unemployment figures released this week showed a modest
1166,"Regulators are examining Orion Motors over concerns related to immigration policy in the media sector. Researchers demonstrated a new AI system capable of unprecedented processing power, raising both excitement and ethical questions. Meridian Bank unveiled its latest device, featuring an experimental sound that the company says will redefine the technology market. Orion Motors announced layoffs affecting hundreds of employees as it restructures its banking division. NovaSoft announced layoffs affecting hundreds of employees as it restructures its manufacturing division.",tech,Regulators are examining Orion Motors over concerns related
1189,"Researchers demonstrated a new AI system capable of advanced natural language capabilities, raising both excitement and ethical questions. A new report warned that data privacy poses a growing risk to media companies worldwide. Global Retail Group announced layoffs affecting hundreds of employees as it restructures its airline division. Meridian Bank unveiled its latest device, featuring unprecedented processing power that the company says will redefine the airline market.",tech,Researchers demonstrated a new AI system capable of
1129,"Fans celebrated as the visiting club clinched the title after a hard-fought campaign. the home side announced the signing of a new player ahead of the upcoming season. Fans celebrated as the visiting club clinched the title after a hard-fought campaign. the national squad announced the signing of a new player ahead of the upcoming season. Injuries continue to hamper the visiting club, with two more players ruled out for the next match.",sport,Fans celebrated as the visiting club clinched the
1181,"Regulators are examining BrightWave Media over concerns related to tax reform in the airline sector. BrightWave Media announced layoffs affecting hundreds of employees as it restructures its media division. Atlas Energy unveiled its latest device, featuring advanced natural language capabilities that the company says will redefine the manufacturing market. Pinnacle Airlines unveiled its latest device, featuring strong performances that the company says will redefine the technology market. BrightWave Media unveiled its latest device, featuring advanced natural language capabilities that the company says will redefine the manufacturing market.",tech,Regulators are examining BrightWave Media over concerns related
1001,"Orion Motors reported an unexpected drop in quarterly profits, citing supply chain disruption. Analysts said the results matched expectations for the banking sector. Shares of Atlas Energy rose sharply after the firm announced a leadership change. The retail sector has been under pressure amid global supply shortages. The central bank held interest rates steady, saying inflation pressures tied to shifting trade policy remain a key concern for the media industry. Unemployment figures released this week showed a record increase, with economists pointing to rising costs as a major factor.",business,Orion Motors reported an unexpected drop in quarterly
1191,TechCorp announced layoffs affecting hundreds of employees as it restructures its retail division. Meridian Bank announced layoffs affecting hundreds of employees as it restructures its manufacturing division. BrightWave Media announced layoffs affecting hundreds of employees as it restructures its airline division.,tech,TechCorp announced layoffs affecting hundreds of employees as
1161,"Global Retail Group announced layoffs affecting hundreds of employees as it restructures its airline division. Researchers demonstrated a new AI system capable of an experimental sound, raising both excitement and ethical questions. Regulators are examining Global Retail Group over concerns related to climate regulation in the airline sector.",tech,Global Retail Group announced layoffs affecting hundreds of
1180,"BrightWave Media announced layoffs affecting hundreds of employees as it restructures its technology division. Researchers demonstrated a new AI system capable of an experimental sound, raising both excitement and ethical questions. Regulators are examining Orion Motors over concerns related to tax reform in the manufacturing sector. Orion Motors announced layoffs affecting hundreds of employees as it restructures its energy division. Regulators are examining Global Retail Group over concerns related to data privacy in the technology sector.",tech,BrightWave Media announced layoffs affecting hundreds of employees
1056,"The film starring a veteran actor topped the box office this weekend, earning $18 million in its opening frame. The film starring a chart-topping band topped the box office this weekend, earning $450 million in its opening frame. A biopic about a chart-topping band is currently in production, with filming expected to wrap by the end of the year. Critics gave mixed reviews to the new series, praising its an experimental sound while questioning the pacing of later episodes. A biopic about a chart-topping band is currently in production, with filming expected to wrap by the end of the year.",entertainment,The film starring a veteran actor topped the
1092,"The government unveiled a new policy on data privacy, drawing missed from opposition lawmakers. The government unveiled a new policy on cybersecurity, drawing missed from opposition lawmakers. Polling data released this week suggests public opinion on tax reform remains sharply divided. The government unveiled a new policy on climate regulation, drawing beat from opposition lawmakers.",politics,The government unveiled a new policy on data
1173,"Researchers demonstrated a new AI system capable of unprecedented processing power, raising both excitement and ethical questions. Researchers demonstrated a new AI system capable of an experimental sound, raising both excitement and ethical questions. A new report warned that data privacy poses a growing risk to media companies worldwide. Regulators are examining Atlas Energy over concerns related to trade tariffs in the banking sector.",tech,Researchers demonstrated a new AI system capable of
1133,"Fans celebrated as the home side clinched the title after a hard-fought campaign. the newly promoted team announced the signing of a new player ahead of the upcoming season. The manager of the newly promoted team said the squad's performance reflected weeks of hard work in training. Injuries continue to hamper the visiting club, with two more players ruled out for the next match. The manager of the visiting club said the squad's performance reflected weeks of hard work in training.",sport,Fans celebrated as the home side clinched the
1126,"the newly promoted team secured a dramatic victory in the final minutes, moving up in the league table. The manager of the home side said the squad's performance reflected weeks of hard work in training. The manager of the defending champions said the squad's performance reflected weeks of hard work in training. Injuries continue to hamper the newly promoted team, with two more players ruled out for the next match. Fans celebrated as the newly promoted team clinched the title after a hard-fought campaign.",sport,the newly promoted team secured a dramatic victory
1128,Fans celebrated as the home side clinched the title after a hard-fought campaign. the home side announced the signing of a new player ahead of the upcoming season. the home side announced the signing of a new player ahead of the upcoming season. Fans celebrated as the defending champions clinched the title after a hard-fought campaign. the national squad announced the signing of a new player ahead of the upcoming season.,sport,Fans celebrated as the home side clinched the
1069,"Critics gave mixed reviews to the new series, praising its an experimental sound while questioning the pacing of later episodes. The film starring a leading actress topped the box office this weekend, earning $1.1 billion in its opening frame. The film starring a popular singer topped the box office this weekend, earning $1.1 billion in its opening frame.",entertainment,Critics gave mixed reviews to the new series
1009,"Unemployment figures released this week showed a sharp rise, with economists pointing to rising costs as a major factor. Meridian Bank announced a merger with a rival firm worth $75 million, aiming to expand its presence in the media market. Shares of Orion Motors surged after the firm announced a new product line. The airline sector has been under pressure amid shifting trade policy.",business,Unemployment figures released this week showed a sharp
1010,"Unemployment figures released this week showed an unexpected drop, with economists pointing to strong consumer demand as a major factor. Unemployment figures released this week showed a modest decline, with economists pointing to supply chain disruption as a major factor. Atlas Energy announced a merger with a rival firm worth $75 million, aiming to expand its presence in the energy market. Meridian Bank announced a merger with a rival firm worth $450 million, aiming to expand its presence in the banking market. Atlas Energy reported a sharp rise in quarterly profits, citing improved efficiency. Analysts said the results fell short of expectations for the banking sector.",business,Unemployment figures released this week showed an unexpected
1050,"The film starring a popular singer topped the box office this weekend, earning $450 million in its opening frame. Critics gave mixed reviews to the new series, praising its advanced natural language capabilities while questioning the pacing of later episodes. The film starring a popular singer topped the box office this weekend, earning $450 million in its opening frame. a veteran actor announced a new album set for release later this year, describing the project as striking visuals. a leading actress announced a new album set for release later this year, describing the project as groundbreaking special effects.",entertainment,The film starring a popular singer topped the
1155,"Injuries continue to hamper the national squad, with two more players ruled out for the next match. Injuries continue to hamper the home side, with two more players ruled out for the next match. the newly promoted team announced the signing of a new player ahead of the upcoming season.",sport,"Injuries continue to hamper the national squad, with"
1033,"The central bank held interest rates steady, saying inflation pressures tied to labor market tightness remain a key concern for the media industry. The central bank held interest rates steady, saying inflation pressures tied to labor market tightness remain a key concern for the media industry. The central bank held interest rates steady, saying inflation pressures tied to global supply shortages remain a key concern for the media industry. TechCorp announced a merger with a rival firm worth $75 million, aiming to expand its presence in the airline market.",business,"The central bank held interest rates steady, saying"
1121,"Fans celebrated as the newly promoted team clinched the title after a hard-fought campaign. Injuries continue to hamper the newly promoted team, with two more players ruled out for the next match. Fans celebrated as the national squad clinched the title after a hard-fought campaign. the visiting club announced the signing of a new player ahead of the upcoming season.",sport,Fans celebrated as the newly promoted team clinched
1079,"The awards ceremony saw an award-winning director take home the top honor, in a night dominated by advanced natural language capabilities performances. Critics gave mixed reviews to the new series, praising its striking visuals while questioning the pacing of later episodes. The awards ceremony saw a leading actress take home the top honor, in a night dominated by an experimental sound performances. a chart-topping band announced a new album set for release later this year, describing the project as unprecedented processing power.",entertainment,The awards ceremony saw an award-winning director take
1036,"Shares of Meridian Bank fell after the firm announced a major restructuring. The technology sector has been under pressure amid shifting trade policy. Unemployment figures released this week showed a sharp rise, with economists pointing to improved efficiency as a major factor. Atlas Energy reported steady growth in quarterly profits, citing currency fluctuations. Analysts said the results matched expectations for the retail sector. Unemployment figures released this week showed a record increase, with economists pointing to rising costs as a major factor. BrightWave Media announced a merger with a rival firm worth $1.1 billion, aiming to expand its presence in the retail market.",business,Shares of Meridian Bank fell after the firm
1099,"The government unveiled a new policy on climate regulation, drawing matched from opposition lawmakers. The prime minister addressed concerns over cybersecurity during a press conference, promising further reforms. The prime minister addressed concerns over data privacy during a press conference, promising further reforms. Lawmakers debated the proposed bill on cybersecurity for hours before adjourning without a vote.",politics,The government unveiled a new policy on climate
1065,"A biopic about a chart-topping band is currently in production, with filming expected to wrap by the end of the year. The awards ceremony saw an award-winning director take home the top honor, in a night dominated by an experimental sound performances. a veteran actor announced a new album set for release later this year, describing the project as groundbreaking special effects. a chart-topping band announced a new album set for release later this year, describing the project as striking visuals. Critics gave mixed reviews to the new series, praising its advanced natural language capabilities while questioning the pacing of later episodes.",entertainment,A biopic about a chart-topping band is currently
1124,"Fans celebrated as the newly promoted team clinched the title after a hard-fought campaign. Injuries continue to hamper the defending champions, with two more players ruled out for the next match. Fans celebrated as the newly promoted team clinched the title after a hard-fought campaign. the defending champions secured a dramatic victory in the final minutes, moving up in the league table. Fans celebrated as the visiting club clinched the title after a hard-fought campaign.",sport,Fans celebrated as the newly promoted team clinched
1197,"Researchers demonstrated a new AI system capable of unprecedented processing power, raising both excitement and ethical questions. A new report warned that immigration policy poses a growing risk to media companies worldwide. Regulators are examining Meridian Bank over concerns related to climate regulation in the technology sector. Regulators are examining Atlas Energy over concerns related to tax reform in the retail sector. TechCorp unveiled its latest device, featuring unprecedented processing power that the company says will redefine the media market.",tech,Researchers demonstrated a new AI system capable of
1157,"Fans celebrated as the defending champions clinched the title after a hard-fought campaign. the visiting club secured a dramatic victory in the final minutes, moving up in the league table. the visiting club secured a dramatic victory in the final minutes, moving up in the league table.",sport,Fans celebrated as the defending champions clinched the
1091,"The prime minister addressed concerns over trade tariffs during a press conference, promising further reforms. Lawmakers debated the proposed bill on healthcare reform for hours before adjourning without a vote. The government unveiled a new policy on healthcare reform, drawing missed from opposition lawmakers. The prime minister addressed concerns over trade tariffs during a press conference, promising further reforms. Lawmakers debated the proposed bill on tax reform for hours before adjourning without a vote.",politics,The prime minister addressed concerns over trade tariffs
1152,"Injuries continue to hamper the defending champions, with two more players ruled out for the next match. Injuries continue to hamper the defending champions, with two more players ruled out for the next match. the visiting club announced the signing of a new player ahead of the upcoming season. Injuries continue to hamper the defending champions, with two more players ruled out for the next match.",sport,"Injuries continue to hamper the defending champions, with"
1160,"TechCorp unveiled its latest device, featuring an experimental sound that the company says will redefine the airline market. Researchers demonstrated a new AI system capable of unprecedented processing power, raising both excitement and ethical questions. Researchers demonstrated a new AI system capable of unprecedented processing power, raising both excitement and ethical questions.",tech,"TechCorp unveiled its latest device, featuring an experimental"
1109,"The government unveiled a new policy on data privacy, drawing beat from opposition lawmakers. Polling data released this week suggests public opinion on cybersecurity remains sharply divided. Polling data released this week suggests public opinion on climate regulation remains sharply divided. A parliamentary committee began an inquiry into climate regulation, with witnesses expected to testify next month. Polling data released this week suggests public opinion on data privacy remains sharply divided.",politics,The government unveiled a new policy on data
1021,"Shares of Pinnacle Airlines fell after the firm announced an expansion into overseas markets. The retail sector has been under pressure amid labor market tightness. Shares of Global Retail Group rose sharply after the firm announced a leadership change. The banking sector has been under pressure amid global supply shortages. NovaSoft announced a merger with a rival firm worth $1.1 billion, aiming to expand its presence in the banking market.",business,Shares of Pinnacle Airlines fell after the firm
1087,"The prime minister addressed concerns over immigration policy during a press conference, promising further reforms. The government unveiled a new policy on healthcare reform, drawing exceeded from opposition lawmakers. Lawmakers debated the proposed bill on cybersecurity for hours before adjourning without a vote. A parliamentary committee began an inquiry into healthcare reform, with witnesses expected to testify next month.",politics,The prime minister addressed concerns over immigration policy
1078,"A biopic about an award-winning director is currently in production, with filming expected to wrap by the end of the year. A biopic about a veteran actor is currently in production, with filming expected to wrap by the end of the year. Critics gave mixed reviews to the new series, praising its an experimental sound while questioning the pacing of later episodes.",entertainment,A biopic about an award-winning director is currently
1013,"Unemployment figures released this week showed an unexpected drop, with economists pointing to strong consumer demand as a major factor. Orion Motors announced a merger with a rival firm worth $1.1 billion, aiming to expand its presence in the manufacturing market. Shares of Meridian Bank slipped after the firm announced a major restructuring. The energy sector has been under pressure amid global supply shortages.",business,Unemployment figures released this week showed an unexpected
1154,"the national squad announced the signing of a new player ahead of the upcoming season. the home side secured a dramatic victory in the final minutes, moving up in the league table. the national squad announced the signing of a new player ahead of the upcoming season. the defending champions announced the signing of a new player ahead of the upcoming season. Fans celebrated as the defending champions clinched the title after a hard-fought campaign.",sport,the national squad announced the signing of a
1125,"Fans celebrated as the defending champions clinched the title after a hard-fought campaign. Fans celebrated as the visiting club clinched the title after a hard-fought campaign. the defending champions secured a dramatic victory in the final minutes, moving up in the league table. the national squad secured a dramatic victory in the final minutes, moving up in the league table.",sport,Fans celebrated as the defending champions clinched the
1072,"A biopic about a popular singer is currently in production, with filming expected to wrap by the end of the year. a chart-topping band announced a new album set for release later this year, describing the project as advanced natural language capabilities. Critics gave mixed reviews to the new series, praising its groundbreaking special effects while questioning the pacing of later episodes. Critics gave mixed reviews to the new series, praising its advanced natural language capabilities while questioning the pacing of later episodes.",entertainment,A biopic about a popular singer is currently
1142,"Injuries continue to hamper the defending champions, with two more players ruled out for the next match. Fans celebrated as the home side clinched the title after a hard-fought campaign. the home side secured a dramatic victory in the final minutes, moving up in the league table. the visiting club announced the signing of a new player ahead of the upcoming season. The manager of the newly promoted team said the squad's performance reflected weeks of hard work in training.",sport,"Injuries continue to hamper the defending champions, with"
1002,"Meridian Bank announced a merger with a rival firm worth $2.3 billion, aiming to expand its presence in the energy market. Unemployment figures released this week showed a record increase, with economists pointing to improved efficiency as a major factor. The central bank held interest rates steady, saying inflation pressures tied to rising energy prices remain a key concern for the technology industry. TechCorp reported a modest decline in quarterly profits, citing supply chain disruption. Analysts said the results beat expectations for the media sector. Shares of Meridian Bank were largely unchanged after the firm announced a leadership change. The energy sector has been under pressure amid shifting trade policy.",business,Meridian Bank announced a merger with a rival
1047,"The awards ceremony saw a chart-topping band take home the top honor, in a night dominated by strong performances performances. a leading actress announced a new album set for release later this year, describing the project as strong performances. The awards ceremony saw a leading actress take home the top honor, in a night dominated by striking visuals performances. The awards ceremony saw a chart-topping band take home the top honor, in a night dominated by striking visuals performances.",entertainment,The awards ceremony saw a chart-topping band take
1122,"the defending champions secured a dramatic victory in the final minutes, moving up in the league table. Injuries continue to hamper the national squad, with two more players ruled out for the next match. the newly promoted team announced the signing of a new player ahead of the upcoming season. the national squad secured a dramatic victory in the final minutes, moving up in the league table.",sport,the defending champions secured a dramatic victory in
1043,"Critics gave mixed reviews to the new series, praising its strong performances while questioning the pacing of later episodes. Critics gave mixed reviews to the new series, praising its an experimental sound while questioning the pacing of later episodes. The film starring an award-winning director topped the box office this weekend, earning $450 million in its opening frame. The film starring a popular singer topped the box office this weekend, earning $75 million in its opening frame.",entertainment,Critics gave mixed reviews to the new series
1024,"TechCorp announced a merger with a rival firm worth $75 million, aiming to expand its presence in the technology market. Shares of Atlas Energy rose sharply after the firm announced an expansion into overseas markets. The energy sector has been under pressure amid shifting trade policy. Global Retail Group reported steady growth in quarterly profits, citing supply chain disruption. Analysts said the results exceeded expectations for the manufacturing sector.",business,TechCorp announced a merger with a rival firm
1116,"Polling data released this week suggests public opinion on healthcare reform remains sharply divided. The prime minister addressed concerns over immigration policy during a press conference, promising further reforms. A parliamentary committee began an inquiry into climate regulation, with witnesses expected to testify next month.",politics,Polling data released this week suggests public opinion
1003,"The central bank held interest rates steady, saying inflation pressures tied to rising energy prices remain a key concern for the manufacturing industry. The central bank held interest rates steady, saying inflation pressures tied to global supply shortages remain a key concern for the airline industry. Unemployment figures released this week showed a modest decline, with economists pointing to improved efficiency as a major factor.",business,"The central bank held interest rates steady, saying"
1163,"Atlas Energy announced layoffs affecting hundreds of employees as it restructures its airline division. Global Retail Group unveiled its latest device, featuring an experimental sound that the company says will redefine the manufacturing market. A new report warned that data privacy poses a growing risk to media companies worldwide. Regulators are examining NovaSoft over concerns related to immigration policy in the retail sector. A new report warned that trade tariffs poses a growing risk to banking companies worldwide.",tech,Atlas Energy announced layoffs affecting hundreds of employees
1147,"the defending champions secured a dramatic victory in the final minutes, moving up in the league table. Injuries continue to hamper the home side, with two more players ruled out for the next match. Injuries continue to hamper the national squad, with two more players ruled out for the next match. the home side announced the signing of a new player ahead of the upcoming season. the home side announced the signing of a new player ahead of the upcoming season.",sport,the defending champions secured a dramatic victory in
1183,"Researchers demonstrated a new AI system capable of an experimental sound, raising both excitement and ethical questions. Researchers demonstrated a new AI system capable of advanced natural language capabilities, raising both excitement and ethical questions. A new report warned that tax reform poses a growing risk to energy companies worldwide. Regulators are examining BrightWave Media over concerns related to trade tariffs in the media sector.",tech,Researchers demonstrated a new AI system capable of
1170,"Researchers demonstrated a new AI system capable of strong performances, raising both excitement and ethical questions. Researchers demonstrated a new AI system capable of striking visuals, raising both excitement and ethical questions. Orion Motors unveiled its latest device, featuring groundbreaking special effects that the company says will redefine the energy market. Researchers demonstrated a new AI system capable of groundbreaking special effects, raising both excitement and ethical questions. A new report warned that tax reform poses a growing risk to manufacturing companies worldwide.",tech,Researchers demonstrated a new AI system capable of
1141,"the national squad secured a dramatic victory in the final minutes, moving up in the league table. The manager of the visiting club said the squad's performance reflected weeks of hard work in training. the national squad secured a dramatic victory in the final minutes, moving up in the league table. Injuries continue to hamper the visiting club, with two more players ruled out for the next match.",sport,the national squad secured a dramatic victory in
1081,"The prime minister addressed concerns over healthcare reform during a press conference, promising further reforms. Lawmakers debated the proposed bill on climate regulation for hours before adjourning without a vote. The government unveiled a new policy on tax reform, drawing fell short of from opposition lawmakers. The prime minister addressed concerns over tax reform during a press conference, promising further reforms.",politics,The prime minister addressed concerns over healthcare reform
1174,"Researchers demonstrated a new AI system capable of unprecedented processing power, raising both excitement and ethical questions. Researchers demonstrated a new AI system capable of groundbreaking special effects, raising both excitement and ethical questions. BrightWave Media announced layoffs affecting hundreds of employees as it restructures its retail division.",tech,Researchers demonstrated a new AI system capable of
1077,"The film starring a chart-topping band topped the box office this weekend, earning $18 million in its opening frame. The film starring an award-winning director topped the box office this weekend, earning $75 million in its opening frame. a leading actress announced a new album set for release later this year, describing the project as strong performances. Critics gave mixed reviews to the new series, praising its advanced natural language capabilities while questioning the pacing of later episodes. The awards ceremony saw a popular singer take home the top honor, in a night dominated by an experimental sound performances.",entertainment,The film starring a chart-topping band topped the
1074,"Critics gave mixed reviews to the new series, praising its advanced natural language capabilities while questioning the pacing of later episodes. The awards ceremony saw an award-winning director take home the top honor, in a night dominated by groundbreaking special effects performances. Critics gave mixed reviews to the new series, praising its an experimental sound while questioning the pacing of later episodes. The awards ceremony saw a chart-topping band take home the top honor, in a night dominated by striking visuals performances. a chart-topping band announced a new album set for release later this year, describing the project as unprecedented processing power.",entertainment,Critics gave mixed reviews to the new series
1159,"the newly promoted team secured a dramatic victory in the final minutes, moving up in the league table. The manager of the newly promoted team said the squad's performance reflected weeks of hard work in training. the defending champions announced the signing of a new player ahead of the upcoming season. the national squad announced the signing of a new player ahead of the upcoming season.",sport,the newly promoted team secured a dramatic victory
1113,"The prime minister addressed concerns over data privacy during a press conference, promising further reforms. The government unveiled a new policy on climate regulation, drawing beat from opposition lawmakers. Polling data released this week suggests public opinion on immigration policy remains sharply divided. Lawmakers debated the proposed bill on climate regulation for hours before adjourning without a vote.",politics,The prime minister addressed concerns over data privacy
1042,"A biopic about a veteran actor is currently in production, with filming expected to wrap by the end of the year. Critics gave mixed reviews to the new series, praising its groundbreaking special effects while questioning the pacing of later episodes. A biopic about an award-winning director is currently in production, with filming expected to wrap by the end of the year. Critics gave mixed reviews to the new series, praising its advanced natural language capabilities while questioning the pacing of later episodes.",entertainment,A biopic about a veteran actor is currently
1026,"NovaSoft announced a merger with a rival firm worth $1.1 billion, aiming to expand its presence in the technology market. Shares of Meridian Bank slipped after the firm announced an expansion into overseas markets. The manufacturing sector has been under pressure amid global supply shortages. Shares of Global Retail Group fell after the firm announced a new product line. The banking sector has been under pressure amid global supply shortages. NovaSoft reported an unexpected drop in quarterly profits, citing improved efficiency. Analysts said the results beat expectations for the energy sector.",business,NovaSoft announced a merger with a rival firm
1162,"Orion Motors unveiled its latest device, featuring striking visuals that the company says will redefine the media market. Researchers demonstrated a new AI system capable of an experimental sound, raising both excitement and ethical questions. Researchers demonstrated a new AI system capable of striking visuals, raising both excitement and ethical questions.",tech,"Orion Motors unveiled its latest device, featuring striking"
1031,"Unemployment figures released this week showed steady growth, with economists pointing to improved efficiency as a major factor. Shares of BrightWave Media were largely unchanged after the firm announced a leadership change. The banking sector has been under pressure amid labor market tightness. Pinnacle Airlines reported a record increase in quarterly profits, citing currency fluctuations. Analysts said the results missed expectations for the media sector. Orion Motors announced a merger with a rival firm worth $75 million, aiming to expand its presence in the technology market.",business,Unemployment figures released this week showed steady growth
1049,"a veteran actor announced a new album set for release later this year, describing the project as groundbreaking special effects. The awards ceremony saw a chart-topping band take home the top honor, in a night dominated by strong performances performances. A biopic about a chart-topping band is currently in production, with filming expected to wrap by the end of the year. Critics gave mixed reviews to the new series, praising its unprecedented processing power while questioning the pacing of later episodes. A biopic about a leading actress is currently in production, with filming expected to wrap by the end of the year.",entertainment,a veteran actor announced a new album set
1156,"the home side announced the signing of a new player ahead of the upcoming season. the defending champions secured a dramatic victory in the final minutes, moving up in the league table. the newly promoted team announced the signing of a new player ahead of the upcoming season. The manager of the home side said the squad's performance reflected weeks of hard work in training.",sport,the home side announced the signing of a
1149,"The manager of the defending champions said the squad's performance reflected weeks of hard work in training. Injuries continue to hamper the visiting club, with two more players ruled out for the next match. The manager of the home side said the squad's performance reflected weeks of hard work in training. Injuries continue to hamper the home side, with two more players ruled out for the next match.",sport,The manager of the defending champions said the
1153,"Fans celebrated as the national squad clinched the title after a hard-fought campaign. the defending champions secured a dramatic victory in the final minutes, moving up in the league table. the defending champions secured a dramatic victory in the final minutes, moving up in the league table. Fans celebrated as the visiting club clinched the title after a hard-fought campaign.",sport,Fans celebrated as the national squad clinched the
1090,"A parliamentary committee began an inquiry into healthcare reform, with witnesses expected to testify next month. The prime minister addressed concerns over trade tariffs during a press conference, promising further reforms. Lawmakers debated the proposed bill on immigration policy for hours before adjourning without a vote.",politics,A parliamentary committee began an inquiry into healthcare
1178,"Pinnacle Airlines unveiled its latest device, featuring groundbreaking special effects that the company says will redefine the technology market. Regulators are examining Global Retail Group over concerns related to tax reform in the media sector. Regulators are examining Meridian Bank over concerns related to healthcare reform in the banking sector. Researchers demonstrated a new AI system capable of strong performances, raising both excitement and ethical questions.",tech,"Pinnacle Airlines unveiled its latest device, featuring groundbreaking"
1103,"Polling data released this week suggests public opinion on immigration policy remains sharply divided. The government unveiled a new policy on trade tariffs, drawing matched from opposition lawmakers. A parliamentary committee began an inquiry into data privacy, with witnesses expected to testify next month. The government unveiled a new policy on tax reform, drawing matched from opposition lawmakers. Lawmakers debated the proposed bill on trade tariffs for hours before adjourning without a vote.",politics,Polling data released this week suggests public opinion
1130,"the national squad secured a dramatic victory in the final minutes, moving up in the league table. Fans celebrated as the defending champions clinched the title after a hard-fought campaign. the visiting club announced the signing of a new player ahead of the upcoming season. Fans celebrated as the home side clinched the title after a hard-fought campaign. Injuries continue to hamper the newly promoted team, with two more players ruled out for the next match.",sport,the national squad secured a dramatic victory in
1110,"A parliamentary committee began an inquiry into healthcare reform, with witnesses expected to testify next month. The prime minister addressed concerns over climate regulation during a press conference, promising further reforms. The government unveiled a new policy on cybersecurity, drawing matched from opposition lawmakers.",politics,A parliamentary committee began an inquiry into healthcare
1083,"The government unveiled a new policy on data privacy, drawing beat from opposition lawmakers. Polling data released this week suggests public opinion on healthcare reform remains sharply divided. The government unveiled a new policy on tax reform, drawing missed from opposition lawmakers.",politics,The government unveiled a new policy on data
1143,"Fans celebrated as the newly promoted team clinched the title after a hard-fought campaign. Injuries continue to hamper the home side, with two more players ruled out for the next match. the visiting club announced the signing of a new player ahead of the upcoming season. the home side announced the signing of a new player ahead of the upcoming season. the visiting club secured a dramatic victory in the final minutes, moving up in the league table.",sport,Fans celebrated as the newly promoted team clinched
1131,"the national squad secured a dramatic victory in the final minutes, moving up in the league table. the visiting club announced the signing of a new player ahead of the upcoming season. The manager of the national squad said the squad's performance reflected weeks of hard work in training. Injuries continue to hamper the visiting club, with two more players ruled out for the next match.",sport,the national squad secured a dramatic victory in
1060,"Critics gave mixed reviews to the new series, praising its groundbreaking special effects while questioning the pacing of later episodes. The awards ceremony saw a leading actress take home the top honor, in a night dominated by striking visuals performances. A biopic about a popular singer is currently in production, with filming expected to wrap by the end of the year.",entertainment,Critics gave mixed reviews to the new series
1068,"The awards ceremony saw a leading actress take home the top honor, in a night dominated by strong performances performances. A biopic about a chart-topping band is currently in production, with filming expected to wrap by the end of the year. Critics gave mixed reviews to the new series, praising its advanced natural language capabilities while questioning the pacing of later episodes. The awards ceremony saw a veteran actor take home the top honor, in a night dominated by striking visuals performances. A biopic about a leading actress is currently in production, with filming expected to wrap by the end of the year.",entertainment,The awards ceremony saw a leading actress take
1023,"Unemployment figures released this week showed a record increase, with economists pointing to rising costs as a major factor. Global Retail Group reported a modest decline in quarterly profits, citing improved efficiency. Analysts said the results matched expectations for the retail sector. Pinnacle Airlines reported a record increase in quarterly profits, citing supply chain disruption. Analysts said the results exceeded expectations for the technology sector. Unemployment figures released this week showed a sharp rise, with economists pointing to currency fluctuations as a major factor. Unemployment figures released this week showed a modest decline, with economists pointing to supply chain disruption as a major factor.",business,Unemployment figures released this week showed a record
1168,"A new report warned that tax reform poses a growing risk to airline companies worldwide. Regulators are examining Atlas Energy over concerns related to tax reform in the media sector. TechCorp unveiled its latest device, featuring striking visuals that the company says will redefine the retail market.",tech,A new report warned that tax reform poses
1105,"The prime minister addressed concerns over healthcare reform during a press conference, promising further reforms. Lawmakers debated the proposed bill on data privacy for hours before adjourning without a vote. The prime minister addressed concerns over data privacy during a press conference, promising further reforms. The prime minister addressed concerns over healthcare reform during a press conference, promising further reforms. Lawmakers debated the proposed bill on trade tariffs for hours before adjourning without a vote.",politics,The prime minister addressed concerns over healthcare reform
1019,"The central bank held interest rates steady, saying inflation pressures tied to shifting trade policy remain a key concern for the banking industry. Unemployment figures released this week showed an unexpected drop, with economists pointing to supply chain disruption as a major factor. Meridian Bank reported an unexpected drop in quarterly profits, citing supply chain disruption. Analysts said the results beat expectations for the retail sector. The central bank held interest rates steady, saying inflation pressures tied to rising energy prices remain a key concern for the media industry. The central bank held interest rates steady, saying inflation pressures tied to labor market tightness remain a key concern for the banking industry.",business,"The central bank held interest rates steady, saying"
1106,"A parliamentary committee began an inquiry into cybersecurity, with witnesses expected to testify next month. Polling data released this week suggests public opinion on healthcare reform remains sharply divided. Lawmakers debated the proposed bill on cybersecurity for hours before adjourning without a vote.",politics,A parliamentary committee began an inquiry into cybersecurity
1053,"The film starring a popular singer topped the box office this weekend, earning $2.3 billion in its opening frame. Critics gave mixed reviews to the new series, praising its unprecedented processing power while questioning the pacing of later episodes. A biopic about an award-winning director is currently in production, with filming expected to wrap by the end of the year.",entertainment,The film starring a popular singer topped the
1119,"The government unveiled a new policy on tax reform, drawing fell short of from opposition lawmakers. Lawmakers debated the proposed bill on trade tariffs for hours before adjourning without a vote. The prime minister addressed concerns over data privacy during a press conference, promising further reforms. Lawmakers debated the proposed bill on immigration policy for hours before adjourning without a vote. The government unveiled a new policy on data privacy, drawing missed from opposition lawmakers.",politics,The government unveiled a new policy on tax
1067,"The film starring a chart-topping band topped the box office this weekend, earning $75 million in its opening frame. The film starring a chart-topping band topped the box office this weekend, earning $450 million in its opening frame. a leading actress announced a new album set for release later this year, describing the project as groundbreaking special effects. Critics gave mixed reviews to the new series, praising its strong performances while questioning the pacing of later episodes.",entertainment,The film starring a chart-topping band topped the
1146,"Injuries continue to hamper the visiting club, with two more players ruled out for the next match. the newly promoted team secured a dramatic victory in the final minutes, moving up in the league table. the home side announced the signing of a new player ahead of the upcoming season. Fans celebrated as the newly promoted team clinched the title after a hard-fought campaign. Fans celebrated as the newly promoted team clinched the title after a hard-fought campaign.",sport,"Injuries continue to hamper the visiting club, with"
1085,"Lawmakers debated the proposed bill on climate regulation for hours before adjourning without a vote. The government unveiled a new policy on tax reform, drawing exceeded from opposition lawmakers. Polling data released this week suggests public opinion on data privacy remains sharply divided. The government unveiled a new policy on immigration policy, drawing matched from opposition lawmakers. Polling data released this week suggests public opinion on climate regulation remains sharply divided.",politics,Lawmakers debated the proposed bill on climate regulation
1082,"The government unveiled a new policy on cybersecurity, drawing exceeded from opposition lawmakers. The prime minister addressed concerns over cybersecurity during a press conference, promising further reforms. Polling data released this week suggests public opinion on healthcare reform remains sharply divided.",politics,The government unveiled a new policy on cybersecurity
1044,"a chart-topping band announced a new album set for release later this year, describing the project as strong performances. A biopic about a veteran actor is currently in production, with filming expected to wrap by the end of the year. A biopic about an award-winning director is currently in production, with filming expected to wrap by the end of the year.",entertainment,a chart-topping band announced a new album set
1006,"The central bank held interest rates steady, saying inflation pressures tied to rising energy prices remain a key concern for the banking industry. Unemployment figures released this week showed an unexpected drop, with economists pointing to rising costs as a major factor. Meridian Bank reported a modest decline in quarterly profits, citing strong consumer demand. Analysts said the results exceeded expectations for the technology sector. Pinnacle Airlines reported an unexpected drop in quarterly profits, citing improved efficiency. Analysts said the results exceeded expectations for the technology sector.",business,"The central bank held interest rates steady, saying"
1151,"Injuries continue to hamper the national squad, with two more players ruled out for the next match. the visiting club secured a dramatic victory in the final minutes, moving up in the league table. the national squad announced the signing of a new player ahead of the upcoming season. the national squad secured a dramatic victory in the final minutes, moving up in the league table. the home side announced the signing of a new player ahead of the upcoming season.",sport,"Injuries continue to hamper the national squad, with"
1132,"The manager of the visiting club said the squad's performance reflected weeks of hard work in training. the national squad secured a dramatic victory in the final minutes, moving up in the league table. the newly promoted team secured a dramatic victory in the final minutes, moving up in the league table.",sport,The manager of the visiting club said the
1054,"The film starring an award-winning director topped the box office this weekend, earning $1.1 billion in its opening frame. The awards ceremony saw an award-winning director take home the top honor, in a night dominated by unprecedented processing power performances. A biopic about a chart-topping band is currently in production, with filming expected to wrap by the end of the year. The awards ceremony saw a leading actress take home the top honor, in a night dominated by unprecedented processing power performances.",entertainment,The film starring an award-winning director topped the
1115,"The government unveiled a new policy on tax reform, drawing matched from opposition lawmakers. Polling data released this week suggests public opinion on tax reform remains sharply divided. Polling data released this week suggests public opinion on cybersecurity remains sharply divided. Polling data released this week suggests public opinion on data privacy remains sharply divided.",politics,The government unveiled a new policy on tax
1080,"The government unveiled a new policy on healthcare reform, drawing exceeded from opposition lawmakers. The prime minister addressed concerns over tax reform during a press conference, promising further reforms. The government unveiled a new policy on data privacy, drawing exceeded from opposition lawmakers. The prime minister addressed concerns over tax reform during a press conference, promising further reforms.",politics,The government unveiled a new policy on healthcare
1022,"The central bank held interest rates steady, saying inflation pressures tied to rising energy prices remain a key concern for the media industry. Shares of TechCorp fell after the firm announced a leadership change. The airline sector has been under pressure amid shifting trade policy. The central bank held interest rates steady, saying inflation pressures tied to global supply shortages remain a key concern for the media industry. The central bank held interest rates steady, saying inflation pressures tied to labor market tightness remain a key concern for the manufacturing industry.",business,"The central bank held interest rates steady, saying"
1094,"A parliamentary committee began an inquiry into data privacy, with witnesses expected to testify next month. Polling data released this week suggests public opinion on cybersecurity remains sharply divided. The government unveiled a new policy on climate regulation, drawing beat from opposition lawmakers.",politics,A parliamentary committee began an inquiry into data
1075,"A biopic about an award-winning director is currently in production, with filming expected to wrap by the end of the year. Critics gave mixed reviews to the new series, praising its striking visuals while questioning the pacing of later episodes. The awards ceremony saw an award-winning director take home the top honor, in a night dominated by striking visuals performances. A biopic about a leading actress is currently in production, with filming expected to wrap by the end of the year.",entertainment,A biopic about an award-winning director is currently
1071,"A biopic about a popular singer is currently in production, with filming expected to wrap by the end of the year. a popular singer announced a new album set for release later this year, describing the project as striking visuals. A biopic about a chart-topping band is currently in production, with filming expected to wrap by the end of the year. A biopic about a popular singer is currently in production, with filming expected to wrap by the end of the year.",entertainment,A biopic about a popular singer is currently
1007,"Unemployment figures released this week showed a sharp rise, with economists pointing to rising costs as a major factor. Unemployment figures released this week showed a record increase, with economists pointing to supply chain disruption as a major factor. Global Retail Group reported an unexpected drop in quarterly profits, citing strong consumer demand. Analysts said the results exceeded expectations for the retail sector. The central bank held interest rates steady, saying inflation pressures tied to rising energy prices remain a key concern for the technology industry.",business,Unemployment figures released this week showed a sharp
1127,"the national squad announced the signing of a new player ahead of the upcoming season. the defending champions announced the signing of a new player ahead of the upcoming season. Injuries continue to hamper the national squad, with two more players ruled out for the next match.",sport,the national squad announced the signing of a
1111,"A parliamentary committee began an inquiry into climate regulation, with witnesses expected to testify next month. A parliamentary committee began an inquiry into cybersecurity, with witnesses expected to testify next month. The prime minister addressed concerns over healthcare reform during a press conference, promising further reforms. Lawmakers debated the proposed bill on climate regulation for hours before adjourning without a vote. A parliamentary committee began an inquiry into healthcare reform, with witnesses expected to testify next month.",politics,A parliamentary committee began an inquiry into climate
1140,"Fans celebrated as the national squad clinched the title after a hard-fought campaign. The manager of the defending champions said the squad's performance reflected weeks of hard work in training. the national squad secured a dramatic victory in the final minutes, moving up in the league table. The manager of the home side said the squad's performance reflected weeks of hard work in training.",sport,Fans celebrated as the national squad clinched the
1145,"Fans celebrated as the newly promoted team clinched the title after a hard-fought campaign. The manager of the visiting club said the squad's performance reflected weeks of hard work in training. the defending champions announced the signing of a new player ahead of the upcoming season. the newly promoted team secured a dramatic victory in the final minutes, moving up in the league table. the visiting club announced the signing of a new player ahead of the upcoming season.",sport,Fans celebrated as the newly promoted team clinched
1066,"The awards ceremony saw a chart-topping band take home the top honor, in a night dominated by advanced natural language capabilities performances. a chart-topping band announced a new album set for release later this year, describing the project as striking visuals. a veteran actor announced a new album set for release later this year, describing the project as unprecedented processing power. Critics gave mixed reviews to the new series, praising its striking visuals while questioning the pacing of later episodes.",entertainment,The awards ceremony saw a chart-topping band take
1084,"Polling data released this week suggests public opinion on climate regulation remains sharply divided. The prime minister addressed concerns over cybersecurity during a press conference, promising further reforms. A parliamentary committee began an inquiry into climate regulation, with witnesses expected to testify next month.",politics,Polling data released this week suggests public opinion
1196,"Atlas Energy announced layoffs affecting hundreds of employees as it restructures its technology division. A new report warned that immigration policy poses a growing risk to banking companies worldwide. Researchers demonstrated a new AI system capable of an experimental sound, raising both excitement and ethical questions. Researchers demonstrated a new AI system capable of advanced natural language capabilities, raising both excitement and ethical questions. Regulators are examining Atlas Energy over concerns related to cybersecurity in the energy sector.",tech,Atlas Energy announced layoffs affecting hundreds of employees
1038,"The central bank held interest rates steady, saying inflation pressures tied to rising energy prices remain a key concern for the energy industry. Pinnacle Airlines announced a merger with a rival firm worth $2.3 billion, aiming to expand its presence in the manufacturing market. Atlas Energy announced a merger with a rival firm worth $1.1 billion, aiming to expand its presence in the banking market.",business,"The central bank held interest rates steady, saying"
1172,"Researchers demonstrated a new AI system capable of striking visuals, raising both excitement and ethical questions. BrightWave Media announced layoffs affecting hundreds of employees as it restructures its banking division. A new report warned that healthcare reform poses a growing risk to retail companies worldwide.",tech,Researchers demonstrated a new AI system capable of
1041,"The film starring a popular singer topped the box office this weekend, earning $18 million in its opening frame. The awards ceremony saw a popular singer take home the top honor, in a night dominated by strong performances performances. A biopic about an award-winning director is currently in production, with filming expected to wrap by the end of the year.",entertainment,The film starring a popular singer topped the
1123,"the national squad secured a dramatic victory in the final minutes, moving up in the league table. Injuries continue to hamper the defending champions, with two more players ruled out for the next match. the home side secured a dramatic victory in the final minutes, moving up in the league table. the national squad announced the signing of a new player ahead of the upcoming season. the home side secured a dramatic victory in the final minutes, moving up in the league table.",sport,the national squad secured a dramatic victory in
1086,"The prime minister addressed concerns over healthcare reform during a press conference, promising further reforms. The prime minister addressed concerns over tax reform during a press conference, promising further reforms. The prime minister addressed concerns over healthcare reform during a press conference, promising further reforms.",politics,The prime minister addressed concerns over healthcare reform
1098,"The government unveiled a new policy on cybersecurity, drawing fell short of from opposition lawmakers. Lawmakers debated the proposed bill on climate regulation for hours before adjourning without a vote. Polling data released this week suggests public opinion on immigration policy remains sharply divided. Polling data released this week suggests public opinion on data privacy remains sharply divided. Polling data released this week suggests public opinion on climate regulation remains sharply divided.",politics,The government unveiled a new policy on cybersecurity
1158,"the national squad announced the signing of a new player ahead of the upcoming season. Injuries continue to hamper the newly promoted team, with two more players ruled out for the next match. the newly promoted team secured a dramatic victory in the final minutes, moving up in the league table. The manager of the defending champions said the squad's performance reflected weeks of hard work in training. the national squad announced the signing of a new player ahead of the upcoming season.",sport,the national squad announced the signing of a
1187,"BrightWave Media announced layoffs affecting hundreds of employees as it restructures its banking division. A new report warned that tax reform poses a growing risk to media companies worldwide. Global Retail Group announced layoffs affecting hundreds of employees as it restructures its banking division. NovaSoft unveiled its latest device, featuring striking visuals that the company says will redefine the banking market.",tech,BrightWave Media announced layoffs affecting hundreds of employees
1040,"The film starring a chart-topping band topped the box office this weekend, earning $450 million in its opening frame. The awards ceremony saw a veteran actor take home the top honor, in a night dominated by an experimental sound performances. The awards ceremony saw a chart-topping band take home the top honor, in a night dominated by groundbreaking special effects performances.",entertainment,The film starring a chart-topping band topped the
1185,"BrightWave Media announced layoffs affecting hundreds of employees as it restructures its banking division. A new report warned that tax reform poses a growing risk to manufacturing companies worldwide. NovaSoft announced layoffs affecting hundreds of employees as it restructures its manufacturing division. NovaSoft announced layoffs affecting hundreds of employees as it restructures its airline division. Researchers demonstrated a new AI system capable of strong performances, raising both excitement and ethical questions.",tech,BrightWave Media announced layoffs affecting hundreds of employees
1093,"The prime minister addressed concerns over tax reform during a press conference, promising further reforms. A parliamentary committee began an inquiry into healthcare reform, with witnesses expected to testify next month. Polling data released this week suggests public opinion on tax reform remains sharply divided. Lawmakers debated the proposed bill on tax reform for hours before adjourning without a vote.",politics,The prime minister addressed concerns over tax reform
1150,The manager of the home side said the squad's performance reflected weeks of hard work in training. The manager of the home side said the squad's performance reflected weeks of hard work in training. the national squad announced the signing of a new player ahead of the upcoming season. Fans celebrated as the defending champions clinched the title after a hard-fought campaign.,sport,The manager of the home side said the
1184,"Orion Motors unveiled its latest device, featuring an experimental sound that the company says will redefine the technology market. Regulators are examining Atlas Energy over concerns related to climate regulation in the airline sector. Regulators are examining Pinnacle Airlines over concerns related to immigration policy in the manufacturing sector. Researchers demonstrated a new AI system capable of unprecedented processing power, raising both excitement and ethical questions. Atlas Energy announced layoffs affecting hundreds of employees as it restructures its airline division.",tech,"Orion Motors unveiled its latest device, featuring an"
1029,"Shares of Global Retail Group rose sharply after the firm announced an expansion into overseas markets. The energy sector has been under pressure amid rising energy prices. The central bank held interest rates steady, saying inflation pressures tied to shifting trade policy remain a key concern for the manufacturing industry. Unemployment figures released this week showed a sharp rise, with economists pointing to strong consumer demand as a major factor. Shares of NovaSoft fell after the firm announced a new product line. The energy sector has been under pressure amid global supply shortages. Pinnacle Airlines announced a merger with a rival firm worth $75 million, aiming to expand its presence in the manufacturing market.",business,Shares of Global Retail Group rose sharply after
1037,"Orion Motors announced a merger with a rival firm worth $450 million, aiming to expand its presence in the energy market. Unemployment figures released this week showed a record increase, with economists pointing to improved efficiency as a major factor. Unemployment figures released this week showed an unexpected drop, with economists pointing to currency fluctuations as a major factor. Global Retail Group announced a merger with a rival firm worth $450 million, aiming to expand its presence in the manufacturing market.",business,Orion Motors announced a merger with a rival
1064,"A biopic about a veteran actor is currently in production, with filming expected to wrap by the end of the year. The awards ceremony saw a popular singer take home the top honor, in a night dominated by groundbreaking special effects performances. A biopic about a chart-topping band is currently in production, with filming expected to wrap by the end of the year. Critics gave mixed reviews to the new series, praising its strong performances while questioning the pacing of later episodes.",entertainment,A biopic about a veteran actor is currently
1035,"The central bank held interest rates steady, saying inflation pressures tied to shifting trade policy remain a key concern for the media industry. Shares of Meridian Bank fell after the firm announced an expansion into overseas markets. The media sector has been under pressure amid global supply shortages. Unemployment figures released this week showed a sharp rise, with economists pointing to supply chain disruption as a major factor. Unemployment figures released this week showed an unexpected drop, with economists pointing to currency fluctuations as a major factor.",business,"The central bank held interest rates steady, saying"
1014,"Unemployment figures released this week showed a sharp rise, with economists pointing to rising costs as a major factor. Shares of Orion Motors surged after the firm announced a leadership change. The energy sector has been under pressure amid rising energy prices. TechCorp announced a merger with a rival firm worth $1.1 billion, aiming to expand its presence in the banking market. Pinnacle Airlines reported a record increase in quarterly profits, citing currency fluctuations. Analysts said the results matched expectations for the energy sector. Unemployment figures released this week showed an unexpected drop, with economists pointing to strong consumer demand as a major factor.",business,Unemployment figures released this week showed a sharp
1198,"A new report warned that tax reform poses a growing risk to technology companies worldwide. A new report warned that data privacy poses a growing risk to banking companies worldwide. Regulators are examining BrightWave Media over concerns related to cybersecurity in the retail sector. A new report warned that tax reform poses a growing risk to airline companies worldwide. Researchers demonstrated a new AI system capable of striking visuals, raising both excitement and ethical questions.",tech,A new report warned that tax reform poses
1059,"The film starring a veteran actor topped the box office this weekend, earning $450 million in its opening frame. Critics gave mixed reviews to the new series, praising its unprecedented processing power while questioning the pacing of later episodes. The awards ceremony saw a chart-topping band take home the top honor, in a night dominated by striking visuals performances. an award-winning director announced a new album set for release later this year, describing the project as unprecedented processing power.",entertainment,The film starring a veteran actor topped the
1112,Lawmakers debated the proposed bill on data privacy for hours before adjourning without a vote. Lawmakers debated the proposed bill on trade tariffs for hours before adjourning without a vote. Lawmakers debated the proposed bill on trade tariffs for hours before adjourning without a vote.,politics,Lawmakers debated the proposed bill on data privacy
1102,"Polling data released this week suggests public opinion on trade tariffs remains sharply divided. The government unveiled a new policy on tax reform, drawing matched from opposition lawmakers. The prime minister addressed concerns over data privacy during a press conference, promising further reforms. The government unveiled a new policy on tax reform, drawing fell short of from opposition lawmakers. Lawmakers debated the proposed bill on immigration policy for hours before adjourning without a vote.",politics,Polling data released this week suggests public opinion
1195,"Regulators are examining TechCorp over concerns related to cybersecurity in the manufacturing sector. NovaSoft announced layoffs affecting hundreds of employees as it restructures its retail division. BrightWave Media unveiled its latest device, featuring an experimental sound that the company says will redefine the manufacturing market. Researchers demonstrated a new AI system capable of advanced natural language capabilities, raising both excitement and ethical questions. Regulators are examining Global Retail Group over concerns related to healthcare reform in the airline sector.",tech,Regulators are examining TechCorp over concerns related to
1062,"A biopic about an award-winning director is currently in production, with filming expected to wrap by the end of the year. The awards ceremony saw a chart-topping band take home the top honor, in a night dominated by groundbreaking special effects performances. a chart-topping band announced a new album set for release later this year, describing the project as unprecedented processing power. a chart-topping band announced a new album set for release later this year, describing the project as an experimental sound.",entertainment,A biopic about an award-winning director is currently
1012,"Atlas Energy announced a merger with a rival firm worth $1.1 billion, aiming to expand its presence in the energy market. TechCorp announced a merger with a rival firm worth $2.3 billion, aiming to expand its presence in the airline market. Pinnacle Airlines reported a record increase in quarterly profits, citing rising costs. Analysts said the results missed expectations for the banking sector.",business,Atlas Energy announced a merger with a rival
1176,"Global Retail Group unveiled its latest device, featuring unprecedented processing power that the company says will redefine the energy market. Researchers demonstrated a new AI system capable of strong performances, raising both excitement and ethical questions. Regulators are examining TechCorp over concerns related to healthcare reform in the media sector.",tech,"Global Retail Group unveiled its latest device, featuring"
1144,"Fans celebrated as the defending champions clinched the title after a hard-fought campaign. the home side secured a dramatic victory in the final minutes, moving up in the league table. Injuries continue to hamper the newly promoted team, with two more players ruled out for the next match. Fans celebrated as the home side clinched the title after a hard-fought campaign.",sport,Fans celebrated as the defending champions clinched the
1025,"The central bank held interest rates steady, saying inflation pressures tied to rising energy prices remain a key concern for the technology industry. Shares of Pinnacle Airlines surged after the firm announced a new product line. The airline sector has been under pressure amid shifting trade policy. TechCorp announced a merger with a rival firm worth $18 million, aiming to expand its presence in the manufacturing market. Shares of Pinnacle Airlines slipped after the firm announced an expansion into overseas markets. The media sector has been under pressure amid labor market tightness.",business,"The central bank held interest rates steady, saying"
1188,"Regulators are examining NovaSoft over concerns related to immigration policy in the airline sector. Meridian Bank unveiled its latest device, featuring strong performances that the company says will redefine the energy market. Researchers demonstrated a new AI system capable of striking visuals, raising both excitement and ethical questions. A new report warned that tax reform poses a growing risk to retail companies worldwide. A new report warned that cybersecurity poses a growing risk to energy companies worldwide.",tech,Regulators are examining NovaSoft over concerns related to
1052,"The film starring an award-winning director topped the box office this weekend, earning $450 million in its opening frame. A biopic about a popular singer is currently in production, with filming expected to wrap by the end of the year. The awards ceremony saw a leading actress take home the top honor, in a night dominated by unprecedented processing power performances. a popular singer announced a new album set for release later this year, describing the project as strong performances.",entertainment,The film starring an award-winning director topped the
1061,"an award-winning director announced a new album set for release later this year, describing the project as unprecedented processing power. The film starring a chart-topping band topped the box office this weekend, earning $75 million in its opening frame. The film starring a leading actress topped the box office this weekend, earning $450 million in its opening frame. The awards ceremony saw a leading actress take home the top honor, in a night dominated by advanced natural language capabilities performances. a chart-topping band announced a new album set for release later this year, describing the project as advanced natural language capabilities.",entertainment,an award-winning director announced a new album set
1004,"Shares of Orion Motors surged after the firm announced an expansion into overseas markets. The energy sector has been under pressure amid rising energy prices. The central bank held interest rates steady, saying inflation pressures tied to global supply shortages remain a key concern for the media industry. Shares of TechCorp were largely unchanged after the firm announced a leadership change. The media sector has been under pressure amid shifting trade policy. NovaSoft reported steady growth in quarterly profits, citing supply chain disruption. Analysts said the results missed expectations for the airline sector. Pinnacle Airlines announced a merger with a rival firm worth $1.1 billion, aiming to expand its presence in the airline market.",business,Shares of Orion Motors surged after the firm
1192,"Regulators are examining BrightWave Media over concerns related to trade tariffs in the banking sector. Regulators are examining BrightWave Media over concerns related to immigration policy in the manufacturing sector. Atlas Energy unveiled its latest device, featuring advanced natural language capabilities that the company says will redefine the banking market. Researchers demonstrated a new AI system capable of advanced natural language capabilities, raising both excitement and ethical questions. Orion Motors announced layoffs affecting hundreds of employees as it restructures its retail division.",tech,Regulators are examining BrightWave Media over concerns related
1186,"Global Retail Group announced layoffs affecting hundreds of employees as it restructures its manufacturing division. Pinnacle Airlines unveiled its latest device, featuring strong performances that the company says will redefine the energy market. A new report warned that healthcare reform poses a growing risk to manufacturing companies worldwide. Meridian Bank announced layoffs affecting hundreds of employees as it restructures its manufacturing division.",tech,Global Retail Group announced layoffs affecting hundreds of
1028,"Shares of Meridian Bank fell after the firm announced a leadership change. The energy sector has been under pressure amid shifting trade policy. Pinnacle Airlines announced a merger with a rival firm worth $75 million, aiming to expand its presence in the media market. Orion Motors announced a merger with a rival firm worth $1.1 billion, aiming to expand its presence in the airline market. Global Retail Group announced a merger with a rival firm worth $450 million, aiming to expand its presence in the media market. The central bank held interest rates steady, saying inflation pressures tied to labor market tightness remain a key concern for the media industry.",business,Shares of Meridian Bank fell after the firm
1048,"The film starring a popular singer topped the box office this weekend, earning $450 million in its opening frame. A biopic about an award-winning director is currently in production, with filming expected to wrap by the end of the year. The film starring a leading actress topped the box office this weekend, earning $450 million in its opening frame. A biopic about a chart-topping band is currently in production, with filming expected to wrap by the end of the year. A biopic about a veteran actor is currently in production, with filming expected to wrap by the end of the year.",entertainment,The film starring a popular singer topped the
1070,"Critics gave mixed reviews to the new series, praising its striking visuals while questioning the pacing of later episodes. The film starring a leading actress topped the box office this weekend, earning $18 million in its opening frame. Critics gave mixed reviews to the new series, praising its strong performances while questioning the pacing of later episodes. Critics gave mixed reviews to the new series, praising its groundbreaking special effects while questioning the pacing of later episodes. a popular singer announced a new album set for release later this year, describing the project as unprecedented processing power.",entertainment,Critics gave mixed reviews to the new series
1039,"The central bank held interest rates steady, saying inflation pressures tied to shifting trade policy remain a key concern for the media industry. The central bank held interest rates steady, saying inflation pressures tied to shifting trade policy remain a key concern for the manufacturing industry. Unemployment figures released this week showed a sharp rise, with economists pointing to improved efficiency as a major factor.",business,"The central bank held interest rates steady, saying"
1193,"Global Retail Group announced layoffs affecting hundreds of employees as it restructures its technology division. A new report warned that tax reform poses a growing risk to banking companies worldwide. Researchers demonstrated a new AI system capable of groundbreaking special effects, raising both excitement and ethical questions. Regulators are examining Atlas Energy over concerns related to climate regulation in the retail sector. Orion Motors unveiled its latest device, featuring groundbreaking special effects that the company says will redefine the banking market.",tech,Global Retail Group announced layoffs affecting hundreds of
1117,"The prime minister addressed concerns over healthcare reform during a press conference, promising further reforms. Polling data released this week suggests public opinion on trade tariffs remains sharply divided. The government unveiled a new policy on climate regulation, drawing missed from opposition lawmakers. A parliamentary committee began an inquiry into climate regulation, with witnesses expected to testify next month. A parliamentary committee began an inquiry into healthcare reform, with witnesses expected to testify next month.",politics,The prime minister addressed concerns over healthcare reform
1063,"A biopic about a popular singer is currently in production, with filming expected to wrap by the end of the year. The film starring a chart-topping band topped the box office this weekend, earning $18 million in its opening frame. Critics gave mixed reviews to the new series, praising its unprecedented processing power while questioning the pacing of later episodes. Critics gave mixed reviews to the new series, praising its striking visuals while questioning the pacing of later episodes. Critics gave mixed reviews to the new series, praising its advanced natural language capabilities while questioning the pacing of later episodes.",entertainment,A biopic about a popular singer is currently
1058,"The awards ceremony saw a veteran actor take home the top honor, in a night dominated by striking visuals performances. The awards ceremony saw a leading actress take home the top honor, in a night dominated by strong performances performances. Critics gave mixed reviews to the new series, praising its strong performances while questioning the pacing of later episodes. The film starring a veteran actor topped the box office this weekend, earning $1.1 billion in its opening frame. The film starring a chart-topping band topped the box office this weekend, earning $75 million in its opening frame.",entertainment,The awards ceremony saw a veteran actor take
1177,"A new report warned that cybersecurity poses a growing risk to manufacturing companies worldwide. Pinnacle Airlines announced layoffs affecting hundreds of employees as it restructures its manufacturing division. Pinnacle Airlines unveiled its latest device, featuring unprecedented processing power that the company says will redefine the retail market. Regulators are examining NovaSoft over concerns related to tax reform in the manufacturing sector.",tech,A new report warned that cybersecurity poses a
1136,"the defending champions announced the signing of a new player ahead of the upcoming season. Fans celebrated as the newly promoted team clinched the title after a hard-fought campaign. Injuries continue to hamper the visiting club, with two more players ruled out for the next match. The manager of the newly promoted team said the squad's performance reflected weeks of hard work in training.",sport,the defending champions announced the signing of a
1194,"A new report warned that data privacy poses a growing risk to retail companies worldwide. Researchers demonstrated a new AI system capable of an experimental sound, raising both excitement and ethical questions. Researchers demonstrated a new AI system capable of strong performances, raising both excitement and ethical questions. Global Retail Group announced layoffs affecting hundreds of employees as it restructures its technology division.",tech,A new report warned that data privacy poses
1139,"The manager of the defending champions said the squad's performance reflected weeks of hard work in training. the home side announced the signing of a new player ahead of the upcoming season. Injuries continue to hamper the home side, with two more players ruled out for the next match.",sport,The manager of the defending champions said the
1118,"The prime minister addressed concerns over cybersecurity during a press conference, promising further reforms. The prime minister addressed concerns over immigration policy during a press conference, promising further reforms. The prime minister addressed concerns over trade tariffs during a press conference, promising further reforms. Lawmakers debated the proposed bill on healthcare reform for hours before adjourning without a vote.",politics,The prime minister addressed concerns over cybersecurity during
1076,"The awards ceremony saw an award-winning director take home the top honor, in a night dominated by an experimental sound performances. A biopic about an award-winning director is currently in production, with filming expected to wrap by the end of the year. a popular singer announced a new album set for release later this year, describing the project as unprecedented processing power. Critics gave mixed reviews to the new series, praising its advanced natural language capabilities while questioning the pacing of later episodes. a leading actress announced a new album set for release later this year, describing the project as advanced natural language capabilities.",entertainment,The awards ceremony saw an award-winning director take
1005,"The central bank held interest rates steady, saying inflation pressures tied to rising energy prices remain a key concern for the banking industry. Unemployment figures released this week showed steady growth, with economists pointing to supply chain disruption as a major factor. Unemployment figures released this week showed an unexpected drop, with economists pointing to improved efficiency as a major factor.",business,"The central bank held interest rates steady, saying"
1000,"TechCorp reported a record increase in quarterly profits, citing strong consumer demand. Analysts said the results missed expectations for the banking sector. Meridian Bank reported steady growth in quarterly profits, citing currency fluctuations. Analysts said the results beat expectations for the retail sector. NovaSoft reported a modest decline in quarterly profits, citing improved efficiency. Analysts said the results fell short of expectations for the retail sector. Unemployment figures released this week showed a modest decline, with economists pointing to improved efficiency as a major factor. NovaSoft announced a merger with a rival firm worth $75 million, aiming to expand its presence in the energy market.",business,TechCorp reported a record increase in quarterly profits
1057,"The awards ceremony saw a leading actress take home the top honor, in a night dominated by groundbreaking special effects performances. Critics gave mixed reviews to the new series, praising its groundbreaking special effects while questioning the pacing of later episodes. Critics gave mixed reviews to the new series, praising its strong performances while questioning the pacing of later episodes. The film starring an award-winning director topped the box office this weekend, earning $450 million in its opening frame. The awards ceremony saw a chart-topping band take home the top honor, in a night dominated by strong performances performances.",entertainment,The awards ceremony saw a leading actress take
1032,"TechCorp announced a merger with a rival firm worth $1.1 billion, aiming to expand its presence in the retail market. Shares of BrightWave Media rose sharply after the firm announced an expansion into overseas markets. The banking sector has been under pressure amid labor market tightness. The central bank held interest rates steady, saying inflation pressures tied to labor market tightness remain a key concern for the banking industry.",business,TechCorp announced a merger with a rival firm
1135,"Injuries continue to hamper the visiting club, with two more players ruled out for the next match. Fans celebrated as the visiting club clinched the title after a hard-fought campaign. the defending champions announced the signing of a new player ahead of the upcoming season. The manager of the national squad said the squad's performance reflected weeks of hard work in training. Fans celebrated as the defending champions clinched the title after a hard-fought campaign.",sport,"Injuries continue to hamper the visiting club, with"
1100,"The government unveiled a new policy on trade tariffs, drawing beat from opposition lawmakers. The government unveiled a new policy on climate regulation, drawing beat from opposition lawmakers. The government unveiled a new policy on trade tariffs, drawing matched from opposition lawmakers. Lawmakers debated the proposed bill on tax reform for hours before adjourning without a vote.",politics,The government unveiled a new policy on trade
1137,"the home side announced the signing of a new player ahead of the upcoming season. Injuries continue to hamper the national squad, with two more players ruled out for the next match. Fans celebrated as the home side clinched the title after a hard-fought campaign.",sport,the home side announced the signing of a
1045,"an award-winning director announced a new album set for release later this year, describing the project as an experimental sound. Critics gave mixed reviews to the new series, praising its an experimental sound while questioning the pacing of later episodes. Critics gave mixed reviews to the new series, praising its striking visuals while questioning the pacing of later episodes.",entertainment,an award-winning director announced a new album set
1030,"TechCorp announced a merger with a rival firm worth $1.1 billion, aiming to expand its presence in the banking market. TechCorp announced a merger with a rival firm worth $75 million, aiming to expand its presence in the media market. BrightWave Media announced a merger with a rival firm worth $18 million, aiming to expand its presence in the retail market. The central bank held interest rates steady, saying inflation pressures tied to labor market tightness remain a key concern for the media industry.",business,TechCorp announced a merger with a rival firm
1089,"A parliamentary committee began an inquiry into immigration policy, with witnesses expected to testify next month. A parliamentary committee began an inquiry into immigration policy, with witnesses expected to testify next month. Lawmakers debated the proposed bill on data privacy for hours before adjourning without a vote.",politics,A parliamentary committee began an inquiry into immigration
1167,Meridian Bank announced layoffs affecting hundreds of employees as it restructures its manufacturing division. A new report warned that tax reform poses a growing risk to airline companies worldwide. Orion Motors announced layoffs affecting hundreds of employees as it restructures its airline division. Meridian Bank announced layoffs affecting hundreds of employees as it restructures its technology division. A new report warned that tax reform poses a growing risk to technology companies worldwide.,tech,Meridian Bank announced layoffs affecting hundreds of employees
1182,"Regulators are examining NovaSoft over concerns related to healthcare reform in the airline sector. Regulators are examining BrightWave Media over concerns related to tax reform in the banking sector. Regulators are examining Pinnacle Airlines over concerns related to trade tariffs in the banking sector. A new report warned that tax reform poses a growing risk to retail companies worldwide. NovaSoft unveiled its latest device, featuring groundbreaking special effects that the company says will redefine the retail market.",tech,Regulators are examining NovaSoft over concerns related to
1199,"Researchers demonstrated a new AI system capable of striking visuals, raising both excitement and ethical questions. Researchers demonstrated a new AI system capable of an experimental sound, raising both excitement and ethical questions. Regulators are examining Pinnacle Airlines over concerns related to tax reform in the energy sector. BrightWave Media unveiled its latest device, featuring strong performances that the company says will redefine the airline market. Pinnacle Airlines unveiled its latest device, featuring striking visuals that the company says will redefine the manufacturing market.",tech,Researchers demonstrated a new AI system capable of
1169,"Regulators are examining Global Retail Group over concerns related to immigration policy in the airline sector. Regulators are examining Pinnacle Airlines over concerns related to cybersecurity in the technology sector. BrightWave Media unveiled its latest device, featuring unprecedented processing power that the company says will redefine the airline market. Global Retail Group announced layoffs affecting hundreds of employees as it restructures its energy division. A new report warned that trade tariffs poses a growing risk to media companies worldwide.",tech,Regulators are examining Global Retail Group over concerns
1020,"TechCorp announced a merger with a rival firm worth $2.3 billion, aiming to expand its presence in the retail market. Shares of TechCorp were largely unchanged after the firm announced a new product line. The media sector has been under pressure amid labor market tightness. Shares of TechCorp were largely unchanged after the firm announced a major restructuring. The manufacturing sector has been under pressure amid shifting trade policy. Shares of NovaSoft rose sharply after the firm announced an expansion into overseas markets. The airline sector has been under pressure amid labor market tightness. Unemployment figures released this week showed a modest decline, with economists pointing to strong consumer demand as a major factor.",business,TechCorp announced a merger with a rival firm
1175,"Researchers demonstrated a new AI system capable of unprecedented processing power, raising both excitement and ethical questions. Researchers demonstrated a new AI system capable of an experimental sound, raising both excitement and ethical questions. A new report warned that data privacy poses a growing risk to technology companies worldwide.",tech,Researchers demonstrated a new AI system capable of
1096,"The government unveiled a new policy on data privacy, drawing missed from opposition lawmakers. A parliamentary committee began an inquiry into cybersecurity, with witnesses expected to testify next month. A parliamentary committee began an inquiry into tax reform, with witnesses expected to testify next month.",politics,The government unveiled a new policy on data
1114,"Lawmakers debated the proposed bill on tax reform for hours before adjourning without a vote. A parliamentary committee began an inquiry into trade tariffs, with witnesses expected to testify next month. The prime minister addressed concerns over healthcare reform during a press conference, promising further reforms. Polling data released this week suggests public opinion on trade tariffs remains sharply divided. The government unveiled a new policy on healthcare reform, drawing exceeded from opposition lawmakers.",politics,Lawmakers debated the proposed bill on tax reform
1097,"The prime minister addressed concerns over climate regulation during a press conference, promising further reforms. A parliamentary committee began an inquiry into tax reform, with witnesses expected to testify next month. The prime minister addressed concerns over climate regulation during a press conference, promising further reforms. A parliamentary committee began an inquiry into tax reform, with witnesses expected to testify next month. Polling data released this week suggests public opinion on healthcare reform remains sharply divided.",politics,The prime minister addressed concerns over climate regulation
1095,"Polling data released this week suggests public opinion on cybersecurity remains sharply divided. The government unveiled a new policy on cybersecurity, drawing exceeded from opposition lawmakers. Polling data released this week suggests public opinion on healthcare reform remains sharply divided. The government unveiled a new policy on tax reform, drawing matched from opposition lawmakers.",politics,Polling data released this week suggests public opinion
1107,"The government unveiled a new policy on cybersecurity, drawing beat from opposition lawmakers. A parliamentary committee began an inquiry into immigration policy, with witnesses expected to testify next month. Polling data released this week suggests public opinion on climate regulation remains sharply divided. Polling data released this week suggests public opinion on data privacy remains sharply divided. Lawmakers debated the proposed bill on data privacy for hours before adjourning without a vote.",politics,The government unveiled a new policy on cybersecurity
1165,"Researchers demonstrated a new AI system capable of unprecedented processing power, raising both excitement and ethical questions. Researchers demonstrated a new AI system capable of groundbreaking special effects, raising both excitement and ethical questions. Regulators are examining Meridian Bank over concerns related to data privacy in the banking sector. BrightWave Media unveiled its latest device, featuring advanced natural language capabilities that the company says will redefine the energy market. Regulators are examining Atlas Energy over concerns related to trade tariffs in the banking sector.",tech,Researchers demonstrated a new AI system capable of
1164,"Atlas Energy unveiled its latest device, featuring unprecedented processing power that the company says will redefine the technology market. BrightWave Media announced layoffs affecting hundreds of employees as it restructures its media division. Regulators are examining Orion Motors over concerns related to healthcare reform in the technology sector. Global Retail Group unveiled its latest device, featuring advanced natural language capabilities that the company says will redefine the energy market.",tech,"Atlas Energy unveiled its latest device, featuring unprecedented"
1034,"The central bank held interest rates steady, saying inflation pressures tied to global supply shortages remain a key concern for the banking industry. TechCorp reported a modest decline in quarterly profits, citing strong consumer demand. Analysts said the results beat expectations for the technology sector. Shares of NovaSoft surged after the firm announced a major restructuring. The banking sector has been under pressure amid rising energy prices.",business,"The central bank held interest rates steady, saying"
1046,"A biopic about a popular singer is currently in production, with filming expected to wrap by the end of the year. Critics gave mixed reviews to the new series, praising its striking visuals while questioning the pacing of later episodes. The film starring an award-winning director topped the box office this weekend, earning $75 million in its opening frame. a chart-topping band announced a new album set for release later this year, describing the project as striking visuals. The film starring an award-winning director topped the box office this weekend, earning $75 million in its opening frame.",entertainment,A biopic about a popular singer is currently
1104,"A parliamentary committee began an inquiry into trade tariffs, with witnesses expected to testify next month. A parliamentary committee began an inquiry into tax reform, with witnesses expected to testify next month. A parliamentary committee began an inquiry into healthcare reform, with witnesses expected to testify next month. A parliamentary committee began an inquiry into cybersecurity, with witnesses expected to testify next month.",politics,A parliamentary committee began an inquiry into trade
1073,"The awards ceremony saw an award-winning director take home the top honor, in a night dominated by advanced natural language capabilities performances. A biopic about a popular singer is currently in production, with filming expected to wrap by the end of the year. The film starring an award-winning director topped the box office this weekend, earning $1.1 billion in its opening frame.",entertainment,The awards ceremony saw an award-winning director take
1008,"Global Retail Group reported steady growth in quarterly profits, citing improved efficiency. Analysts said the results missed expectations for the banking sector. The central bank held interest rates steady, saying inflation pressures tied to rising energy prices remain a key concern for the media industry. Unemployment figures released this week showed steady growth, with economists pointing to rising costs as a major factor. Unemployment figures released this week showed a record increase, with economists pointing to currency fluctuations as a major factor. Meridian Bank reported a record increase in quarterly profits, citing supply chain disruption. Analysts said the results missed expectations for the retail sector.",business,Global Retail Group reported steady growth in quarterly
1120,The manager of the newly promoted team said the squad's performance reflected weeks of hard work in training. The manager of the home side said the squad's performance reflected weeks of hard work in training. The manager of the defending champions said the squad's performance reflected weeks of hard work in training.,sport,The manager of the newly promoted team said
1017,"The central bank held interest rates steady, saying inflation pressures tied to shifting trade policy remain a key concern for the banking industry. Shares of Global Retail Group fell after the firm announced an expansion into overseas markets. The energy sector has been under pressure amid labor market tightness. The central bank held interest rates steady, saying inflation pressures tied to global supply shortages remain a key concern for the media industry. BrightWave Media reported steady growth in quarterly profits, citing improved efficiency. Analysts said the results beat expectations for the retail sector.",business,"The central bank held interest rates steady, saying"
1015,"The central bank held interest rates steady, saying inflation pressures tied to global supply shortages remain a key concern for the banking industry. Unemployment figures released this week showed steady growth, with economists pointing to rising costs as a major factor. The central bank held interest rates steady, saying inflation pressures tied to global supply shortages remain a key concern for the retail industry.",business,"The central bank held interest rates steady, saying"
1138,"Fans celebrated as the home side clinched the title after a hard-fought campaign. the home side announced the signing of a new player ahead of the upcoming season. The manager of the national squad said the squad's performance reflected weeks of hard work in training. Injuries continue to hamper the newly promoted team, with two more players ruled out for the next match. The manager of the defending champions said the squad's performance reflected weeks of hard work in training.",sport,Fans celebrated as the home side clinched the
1016,"Orion Motors announced a merger with a rival firm worth $75 million, aiming to expand its presence in the retail market. Orion Motors reported a sharp rise in quarterly profits, citing improved efficiency. Analysts said the results beat expectations for the airline sector. Shares of Pinnacle Airlines slipped after the firm announced a new product line. The retail sector has been under pressure amid global supply shortages. Unemployment figures released this week showed a sharp rise, with economists pointing to currency fluctuations as a major factor. Unemployment figures released this week showed steady growth, with economists pointing to improved efficiency as a major factor.",business,Orion Motors announced a merger with a rival
1179,"Regulators are examining Atlas Energy over concerns related to immigration policy in the media sector. A new report warned that tax reform poses a growing risk to technology companies worldwide. Researchers demonstrated a new AI system capable of unprecedented processing power, raising both excitement and ethical questions. TechCorp unveiled its latest device, featuring an experimental sound that the company says will redefine the retail market.",tech,Regulators are examining Atlas Energy over concerns related
1088,"The prime minister addressed concerns over immigration policy during a press conference, promising further reforms. Lawmakers debated the proposed bill on trade tariffs for hours before adjourning without a vote. A parliamentary committee began an inquiry into immigration policy, with witnesses expected to testify next month.",politics,The prime minister addressed concerns over immigration policy
1108,"The prime minister addressed concerns over trade tariffs during a press conference, promising further reforms. A parliamentary committee began an inquiry into tax reform, with witnesses expected to testify next month. The government unveiled a new policy on immigration policy, drawing beat from opposition lawmakers. Lawmakers debated the proposed bill on trade tariffs for hours before adjourning without a vote.",politics,The prime minister addressed concerns over trade tariffs
1011,"Shares of TechCorp rose sharply after the firm announced a new product line. The retail sector has been under pressure amid global supply shortages. Atlas Energy reported a sharp rise in quarterly profits, citing improved efficiency. Analysts said the results missed expectations for the manufacturing sector. NovaSoft announced a merger with a rival firm worth $450 million, aiming to expand its presence in the technology market. Unemployment figures released this week showed steady growth, with economists pointing to currency fluctuations as a major factor. Shares of BrightWave Media surged after the firm announced a new product line. The media sector has been under pressure amid global supply shortages.",business,Shares of TechCorp rose sharply after the firm
1018,"Shares of Global Retail Group were largely unchanged after the firm announced a major restructuring. The banking sector has been under pressure amid rising energy prices. The central bank held interest rates steady, saying inflation pressures tied to rising energy prices remain a key concern for the manufacturing industry. Global Retail Group announced a merger with a rival firm worth $75 million, aiming to expand its presence in the technology market. Global Retail Group reported a sharp rise in quarterly profits, citing strong consumer demand. Analysts said the results matched expectations for the retail sector. Orion Motors reported a record increase in quarterly profits, citing supply chain disruption. Analysts said the results fell short of expectations for the banking sector.",business,Shares of Global Retail Group were largely unchanged
1148,The manager of the home side said the squad's performance reflected weeks of hard work in training. Fans celebrated as the national squad clinched the title after a hard-fought campaign. The manager of the home side said the squad's performance reflected weeks of hard work in training. the newly promoted team announced the signing of a new player ahead of the upcoming season.,sport,The manager of the home side said the
1055,"The awards ceremony saw an award-winning director take home the top honor, in a night dominated by unprecedented processing power performances. Critics gave mixed reviews to the new series, praising its striking visuals while questioning the pacing of later episodes. The film starring a veteran actor topped the box office this weekend, earning $450 million in its opening frame.",entertainment,The awards ceremony saw an award-winning director take
1190,"Regulators are examining TechCorp over concerns related to climate regulation in the banking sector. A new report warned that trade tariffs poses a growing risk to retail companies worldwide. Researchers demonstrated a new AI system capable of groundbreaking special effects, raising both excitement and ethical questions.",tech,Regulators are examining TechCorp over concerns related to
